{
    "Turnover": {
        "Company1": 5349877.0,
        "Company2": 5124093.0,
        "Absolute Change": -225784.0,
        "Relative Change": -0.0422035871105074
    },
    "Gross profit/loss": {
        "Company1": 1547943.0,
        "Company2": 1066358.0,
        "Absolute Change": -481585.0,
        "Relative Change": -0.3111128768953379
    },
    "Net profit/loss": {
        "Company1": 2318944.0,
        "Company2": -152180.0,
        "Absolute Change": -2471124.0,
        "Relative Change": -1.065624698138463
    },
    "Tangible fixed assets": {
        "Company1": 40477.0,
        "Company2": null,
        "Absolute Change": null,
        "Relative Change": null
    },
    "Investments fixed assets": {
        "Company1": 7684896.0,
        "Company2": null,
        "Absolute Change": null,
        "Relative Change": null
    },
    "Fixed assets balance": {
        "Company1": 7725373.0,
        "Company2": null,
        "Absolute Change": null,
        "Relative Change": null
    },
    "Debtors (due within one year)": {
        "Company1": 3517403.0,
        "Company2": 1787391.0,
        "Absolute Change": -1730012.0,
        "Relative Change": -0.49184355616913955
    },
    "Cash balance": {
        "Company1": null,
        "Company2": null,
        "Absolute Change": null,
        "Relative Change": null
    },
    "Current assets balance": {
        "Company1": 3517403.0,
        "Company2": 1787391.0,
        "Absolute Change": -1730012.0,
        "Relative Change": -0.49184355616913955
    },
    "Creditors (due within one year)": {
        "Company1": 4825193.0,
        "Company2": 3419265.0,
        "Absolute Change": -1405928.0,
        "Relative Change": -0.291372386555315
    },
    "Current liabilities balance": {
        "Company1": 4825193.0,
        "Company2": 3419265.0,
        "Absolute Change": -1405928.0,
        "Relative Change": -0.291372386555315
    },
    "Net assets/liabilities balance": {
        "Company1": 6417583.0,
        "Company2": -1631874.0,
        "Absolute Change": -8049457.0,
        "Relative Change": -1.2542817132244335
    },
    "Gross profit margin": {
        "Company1": 0.2893417923440109,
        "Company2": 0.20810668346573724,
        "Absolute Change": -0.08123510887827368,
        "Relative Change": -0.2807582970305574
    },
    "Liquidity ratio": {
        "Company1": 1.371805562228724,
        "Company2": 1.9129921768656102,
        "Absolute Change": 0.5411866146368862,
        "Relative Change": 0.39450679421188484
    },
    "Debtor days": {
        "Company1": 239.97787145386707,
        "Company2": 127.31964759421814,
        "Absolute Change": -112.65822385964893,
        "Relative Change": -0.4694525506753074
    },
    "Suspicious Changes": {
        "Drastic Changes": {
            "Gross profit/loss": -0.3111128768953379,
            "Net profit/loss": -1.065624698138463,
            "Debtors (due within one year)": -0.49184355616913955,
            "Current assets balance": -0.49184355616913955,
            "Creditors (due within one year)": -0.291372386555315,
            "Current liabilities balance": -0.291372386555315,
            "Net assets/liabilities balance": -1.2542817132244335,
            "Gross profit margin": -0.2807582970305574,
            "Liquidity ratio": 0.39450679421188484,
            "Debtor days": -0.4694525506753074
        },
        "None values": {
            "Tangible fixed assets": null,
            "Investments fixed assets": null,
            "Fixed assets balance": null,
            "Cash balance": null
        }
    },
    "Indices that are negative but should not be": {
        "Net assets/liabilities balance": {
            "Company2": true
        }
    },
    "Company1": {
        "Company Name": "CAMBRIDGE ENTERPRISE LIMITED",
        "UK Companies House Registered Number": "01069886",
        "Start date covered by report": "2014-08-01",
        "End date covered by report": "2015-07-31"
    },
    "Company2": {
        "Company Name": "CAMBRIDGE UNIVERSITY TECHNICAL SERVICES LIMITED",
        "UK Companies House Registered Number": "05749230",
        "Start date covered by report": "2014-08-01",
        "End date covered by report": "2015-07-31"
    }
}